algoritmo,n,escenario,repeticion,comparaciones,tiempo_ns
lineal,100,inicio,0,95,24760
binaria,100,inicio,0,6,11585
lineal,100,inicio,1,95,10785
binaria,100,inicio,1,6,4857
lineal,100,inicio,2,95,8643
binaria,100,inicio,2,6,4158
lineal,100,inicio,3,95,7786
binaria,100,inicio,3,6,4052
lineal,100,inicio,4,95,7752
binaria,100,inicio,4,6,3529
lineal,100,inicio,5,95,7730
binaria,100,inicio,5,6,3582
lineal,100,inicio,6,95,7498
binaria,100,inicio,6,6,3519
lineal,100,inicio,7,95,7647
binaria,100,inicio,7,6,3524
lineal,100,inicio,8,95,7563
binaria,100,inicio,8,6,3537
lineal,100,inicio,9,95,7564
binaria,100,inicio,9,6,3560
lineal,100,inicio,10,95,7539
binaria,100,inicio,10,6,3655
lineal,100,inicio,11,95,7562
binaria,100,inicio,11,6,3491
lineal,100,inicio,12,95,7416
binaria,100,inicio,12,6,3416
lineal,100,inicio,13,95,7452
binaria,100,inicio,13,6,3427
lineal,100,inicio,14,95,7395
binaria,100,inicio,14,6,3528
lineal,100,inicio,15,95,7477
binaria,100,inicio,15,6,3402
lineal,100,inicio,16,95,7455
binaria,100,inicio,16,6,3403
lineal,100,inicio,17,95,7472
binaria,100,inicio,17,6,3536
lineal,100,inicio,18,95,7457
binaria,100,inicio,18,6,3368
lineal,100,inicio,19,95,7402
binaria,100,inicio,19,6,3383
lineal,100,inicio,20,95,7398
binaria,100,inicio,20,6,4668
lineal,100,inicio,21,95,7594
binaria,100,inicio,21,6,3377
lineal,100,inicio,22,95,7448
binaria,100,inicio,22,6,3376
lineal,100,inicio,23,95,7457
binaria,100,inicio,23,6,3440
lineal,100,inicio,24,95,7403
binaria,100,inicio,24,6,3412
lineal,100,inicio,25,95,7418
binaria,100,inicio,25,6,3402
lineal,100,inicio,26,95,7469
binaria,100,inicio,26,6,3359
lineal,100,inicio,27,95,7572
binaria,100,inicio,27,6,3370
lineal,100,inicio,28,95,7415
binaria,100,inicio,28,6,3384
lineal,100,inicio,29,95,7386
binaria,100,inicio,29,6,3420
lineal,100,centro,0,68,6509
binaria,100,centro,0,6,3856
lineal,100,centro,1,68,6190
binaria,100,centro,1,6,3565
lineal,100,centro,2,68,6120
binaria,100,centro,2,6,3509
lineal,100,centro,3,68,6203
binaria,100,centro,3,6,3495
lineal,100,centro,4,68,6500
binaria,100,centro,4,6,3647
lineal,100,centro,5,68,6240
binaria,100,centro,5,6,3584
lineal,100,centro,6,68,7986
binaria,100,centro,6,6,6009
lineal,100,centro,7,68,6322
binaria,100,centro,7,6,3549
lineal,100,centro,8,68,6180
binaria,100,centro,8,6,17747
lineal,100,centro,9,68,6521
binaria,100,centro,9,6,3542
lineal,100,centro,10,68,6230
binaria,100,centro,10,6,3492
lineal,100,centro,11,68,6158
binaria,100,centro,11,6,3534
lineal,100,centro,12,68,8572
binaria,100,centro,12,6,5253
lineal,100,centro,13,68,9605
binaria,100,centro,13,6,5212
lineal,100,centro,14,68,9259
binaria,100,centro,14,6,4739
lineal,100,centro,15,68,9096
binaria,100,centro,15,6,6272
lineal,100,centro,16,68,10655
binaria,100,centro,16,6,3813
lineal,100,centro,17,68,6312
binaria,100,centro,17,6,3557
lineal,100,centro,18,68,6366
binaria,100,centro,18,6,3581
lineal,100,centro,19,68,6309
binaria,100,centro,19,6,3535
lineal,100,centro,20,68,6251
binaria,100,centro,20,6,3495
lineal,100,centro,21,68,6276
binaria,100,centro,21,6,3498
lineal,100,centro,22,68,6234
binaria,100,centro,22,6,3503
lineal,100,centro,23,68,6203
binaria,100,centro,23,6,3585
lineal,100,centro,24,68,7559
binaria,100,centro,24,6,11403
lineal,100,centro,25,68,6315
binaria,100,centro,25,6,3519
lineal,100,centro,26,68,6300
binaria,100,centro,26,6,3511
lineal,100,centro,27,68,6284
binaria,100,centro,27,6,3490
lineal,100,centro,28,68,6215
binaria,100,centro,28,6,3509
lineal,100,centro,29,68,6266
binaria,100,centro,29,6,3507
lineal,100,final,0,81,7152
binaria,100,final,0,7,3914
lineal,100,final,1,81,6880
binaria,100,final,1,7,3687
lineal,100,final,2,81,6860
binaria,100,final,2,7,3672
lineal,100,final,3,81,6854
binaria,100,final,3,7,4257
lineal,100,final,4,81,6928
binaria,100,final,4,7,3740
lineal,100,final,5,81,6850
binaria,100,final,5,7,3720
lineal,100,final,6,81,6872
binaria,100,final,6,7,3702
lineal,100,final,7,81,6873
binaria,100,final,7,7,3671
lineal,100,final,8,81,6964
binaria,100,final,8,7,3706
lineal,100,final,9,81,6880
binaria,100,final,9,7,3744
lineal,100,final,10,81,6845
binaria,100,final,10,7,3681
lineal,100,final,11,81,7014
binaria,100,final,11,7,3690
lineal,100,final,12,81,6835
binaria,100,final,12,7,3740
lineal,100,final,13,81,7071
binaria,100,final,13,7,3739
lineal,100,final,14,81,6954
binaria,100,final,14,7,3843
lineal,100,final,15,81,6900
binaria,100,final,15,7,3660
lineal,100,final,16,81,6894
binaria,100,final,16,7,3728
lineal,100,final,17,81,6848
binaria,100,final,17,7,3676
lineal,100,final,18,81,6861
binaria,100,final,18,7,3693
lineal,100,final,19,81,6860
binaria,100,final,19,7,3687
lineal,100,final,20,81,6855
binaria,100,final,20,7,3697
lineal,100,final,21,81,6865
binaria,100,final,21,7,3683
lineal,100,final,22,81,6932
binaria,100,final,22,7,3740
lineal,100,final,23,81,7179
binaria,100,final,23,7,3874
lineal,100,final,24,81,7117
binaria,100,final,24,7,3660
lineal,100,final,25,81,6921
binaria,100,final,25,7,3629
lineal,100,final,26,81,6887
binaria,100,final,26,7,3725
lineal,100,final,27,81,6902
binaria,100,final,27,7,3632
lineal,100,final,28,81,6912
binaria,100,final,28,7,11409
lineal,100,final,29,81,6915
binaria,100,final,29,7,3634
lineal,100,ausente,0,100,8125
binaria,100,ausente,0,7,3916
lineal,100,ausente,1,100,7816
binaria,100,ausente,1,7,3781
lineal,100,ausente,2,100,7826
binaria,100,ausente,2,7,3813
lineal,100,ausente,3,100,7800
binaria,100,ausente,3,7,3729
lineal,100,ausente,4,100,8949
binaria,100,ausente,4,7,5181
lineal,100,ausente,5,100,7859
binaria,100,ausente,5,7,3718
lineal,100,ausente,6,100,7748
binaria,100,ausente,6,7,3737
lineal,100,ausente,7,100,9897
binaria,100,ausente,7,7,3718
lineal,100,ausente,8,100,7863
binaria,100,ausente,8,7,3626
lineal,100,ausente,9,100,7786
binaria,100,ausente,9,7,3605
lineal,100,ausente,10,100,7820
binaria,100,ausente,10,7,3741
lineal,100,ausente,11,100,7742
binaria,100,ausente,11,7,3629
lineal,100,ausente,12,100,7781
binaria,100,ausente,12,7,3621
lineal,100,ausente,13,100,7786
binaria,100,ausente,13,7,3611
lineal,100,ausente,14,100,7720
binaria,100,ausente,14,7,3701
lineal,100,ausente,15,100,7797
binaria,100,ausente,15,7,3615
lineal,100,ausente,16,100,7734
binaria,100,ausente,16,7,3602
lineal,100,ausente,17,100,7771
binaria,100,ausente,17,7,3709
lineal,100,ausente,18,100,7813
binaria,100,ausente,18,7,3630
lineal,100,ausente,19,100,7769
binaria,100,ausente,19,7,3762
lineal,100,ausente,20,100,7764
binaria,100,ausente,20,7,3680
lineal,100,ausente,21,100,7751
binaria,100,ausente,21,7,3676
lineal,100,ausente,22,100,7842
binaria,100,ausente,22,7,3675
lineal,100,ausente,23,100,7796
binaria,100,ausente,23,7,3725
lineal,100,ausente,24,100,7796
binaria,100,ausente,24,7,3693
lineal,100,ausente,25,100,7806
binaria,100,ausente,25,7,19919
lineal,100,ausente,26,100,8034
binaria,100,ausente,26,7,4302
lineal,100,ausente,27,100,7887
binaria,100,ausente,27,7,3755
lineal,100,ausente,28,100,7787
binaria,100,ausente,28,7,3705
lineal,100,ausente,29,100,7731
binaria,100,ausente,29,7,3666
lineal,1000,inicio,0,181,43076
binaria,1000,inicio,0,9,30202
lineal,1000,inicio,1,181,30409
binaria,1000,inicio,1,9,22760
lineal,1000,inicio,2,181,30127
binaria,1000,inicio,2,9,22296
lineal,1000,inicio,3,181,30219
binaria,1000,inicio,3,9,22238
lineal,1000,inicio,4,181,34379
binaria,1000,inicio,4,9,22358
lineal,1000,inicio,5,181,30090
binaria,1000,inicio,5,9,22282
lineal,1000,inicio,6,181,30070
binaria,1000,inicio,6,9,22249
lineal,1000,inicio,7,181,30032
binaria,1000,inicio,7,9,22294
lineal,1000,inicio,8,181,30220
binaria,1000,inicio,8,9,22303
lineal,1000,inicio,9,181,30259
binaria,1000,inicio,9,9,25106
lineal,1000,inicio,10,181,30377
binaria,1000,inicio,10,9,22343
lineal,1000,inicio,11,181,30021
binaria,1000,inicio,11,9,22364
lineal,1000,inicio,12,181,30538
binaria,1000,inicio,12,9,22425
lineal,1000,inicio,13,181,30141
binaria,1000,inicio,13,9,22196
lineal,1000,inicio,14,181,33946
binaria,1000,inicio,14,9,48565
lineal,1000,inicio,15,181,30708
binaria,1000,inicio,15,9,22381
lineal,1000,inicio,16,181,30039
binaria,1000,inicio,16,9,22314
lineal,1000,inicio,17,181,30072
binaria,1000,inicio,17,9,22386
lineal,1000,inicio,18,181,37048
binaria,1000,inicio,18,9,22495
lineal,1000,inicio,19,181,30097
binaria,1000,inicio,19,9,22274
lineal,1000,inicio,20,181,30006
binaria,1000,inicio,20,9,22292
lineal,1000,inicio,21,181,30083
binaria,1000,inicio,21,9,26214
lineal,1000,inicio,22,181,39825
binaria,1000,inicio,22,9,22730
lineal,1000,inicio,23,181,30135
binaria,1000,inicio,23,9,22225
lineal,1000,inicio,24,181,40806
binaria,1000,inicio,24,9,22468
lineal,1000,inicio,25,181,35417
binaria,1000,inicio,25,9,22620
lineal,1000,inicio,26,181,30065
binaria,1000,inicio,26,9,24815
lineal,1000,inicio,27,181,30151
binaria,1000,inicio,27,9,22264
lineal,1000,inicio,28,181,40095
binaria,1000,inicio,28,9,22259
lineal,1000,inicio,29,181,30044
binaria,1000,inicio,29,9,22199
lineal,1000,centro,0,711,71929
binaria,1000,centro,0,9,37010
lineal,1000,centro,1,711,71985
binaria,1000,centro,1,9,22828
lineal,1000,centro,2,711,73056
binaria,1000,centro,2,9,23416
lineal,1000,centro,3,711,80920
binaria,1000,centro,3,9,22620
lineal,1000,centro,4,711,71067
binaria,1000,centro,4,9,22536
lineal,1000,centro,5,711,71323
binaria,1000,centro,5,9,22528
lineal,1000,centro,6,711,71142
binaria,1000,centro,6,9,22716
lineal,1000,centro,7,711,71710
binaria,1000,centro,7,9,22449
lineal,1000,centro,8,711,73405
binaria,1000,centro,8,9,22740
lineal,1000,centro,9,711,71468
binaria,1000,centro,9,9,22583
lineal,1000,centro,10,711,71152
binaria,1000,centro,10,9,22441
lineal,1000,centro,11,711,80232
binaria,1000,centro,11,9,22544
lineal,1000,centro,12,711,71189
binaria,1000,centro,12,9,22621
lineal,1000,centro,13,711,75690
binaria,1000,centro,13,9,22544
lineal,1000,centro,14,711,71607
binaria,1000,centro,14,9,22504
lineal,1000,centro,15,711,71435
binaria,1000,centro,15,9,22509
lineal,1000,centro,16,711,71074
binaria,1000,centro,16,9,22508
lineal,1000,centro,17,711,71517
binaria,1000,centro,17,9,22466
lineal,1000,centro,18,711,80306
binaria,1000,centro,18,9,22961
lineal,1000,centro,19,711,73786
binaria,1000,centro,19,9,22559
lineal,1000,centro,20,711,71455
binaria,1000,centro,20,9,22535
lineal,1000,centro,21,711,79104
binaria,1000,centro,21,9,22586
lineal,1000,centro,22,711,71000
binaria,1000,centro,22,9,22515
lineal,1000,centro,23,711,75388
binaria,1000,centro,23,9,22641
lineal,1000,centro,24,711,71351
binaria,1000,centro,24,9,22475
lineal,1000,centro,25,711,71392
binaria,1000,centro,25,9,22522
lineal,1000,centro,26,711,71316
binaria,1000,centro,26,9,22605
lineal,1000,centro,27,711,71760
binaria,1000,centro,27,9,22420
lineal,1000,centro,28,711,71955
binaria,1000,centro,28,9,24950
lineal,1000,centro,29,711,71943
binaria,1000,centro,29,9,22459
lineal,1000,final,0,480,52379
binaria,1000,final,0,10,23033
lineal,1000,final,1,480,52230
binaria,1000,final,1,10,22707
lineal,1000,final,2,480,59173
binaria,1000,final,2,10,22721
lineal,1000,final,3,480,52250
binaria,1000,final,3,10,22623
lineal,1000,final,4,480,52095
binaria,1000,final,4,10,26452
lineal,1000,final,5,480,52364
binaria,1000,final,5,10,22765
lineal,1000,final,6,480,52477
binaria,1000,final,6,10,22622
lineal,1000,final,7,480,52460
binaria,1000,final,7,10,22560
lineal,1000,final,8,480,52261
binaria,1000,final,8,10,22630
lineal,1000,final,9,480,52531
binaria,1000,final,9,10,22674
lineal,1000,final,10,480,52391
binaria,1000,final,10,10,22620
lineal,1000,final,11,480,58416
binaria,1000,final,11,10,23072
lineal,1000,final,12,480,53708
binaria,1000,final,12,10,22726
lineal,1000,final,13,480,52324
binaria,1000,final,13,10,22559
lineal,1000,final,14,480,53838
binaria,1000,final,14,10,30177
lineal,1000,final,15,480,52246
binaria,1000,final,15,10,22684
lineal,1000,final,16,480,52427
binaria,1000,final,16,10,22536
lineal,1000,final,17,480,52624
binaria,1000,final,17,10,28303
lineal,1000,final,18,480,53901
binaria,1000,final,18,10,22979
lineal,1000,final,19,480,52334
binaria,1000,final,19,10,22696
lineal,1000,final,20,480,52401
binaria,1000,final,20,10,22760
lineal,1000,final,21,480,52370
binaria,1000,final,21,10,22713
lineal,1000,final,22,480,52242
binaria,1000,final,22,10,22687
lineal,1000,final,23,480,52265
binaria,1000,final,23,10,22846
lineal,1000,final,24,480,52402
binaria,1000,final,24,10,22758
lineal,1000,final,25,480,52382
binaria,1000,final,25,10,22773
lineal,1000,final,26,480,52218
binaria,1000,final,26,10,22949
lineal,1000,final,27,480,52314
binaria,1000,final,27,10,29168
lineal,1000,final,28,480,52332
binaria,1000,final,28,10,22797
lineal,1000,final,29,480,52305
binaria,1000,final,29,10,22625
lineal,1000,ausente,0,1000,113176
binaria,1000,ausente,0,10,23200
lineal,1000,ausente,1,1000,95948
binaria,1000,ausente,1,10,22788
lineal,1000,ausente,2,1000,94810
binaria,1000,ausente,2,10,22851
lineal,1000,ausente,3,1000,95090
binaria,1000,ausente,3,10,22646
lineal,1000,ausente,4,1000,97749
binaria,1000,ausente,4,10,22864
lineal,1000,ausente,5,1000,94842
binaria,1000,ausente,5,10,22684
lineal,1000,ausente,6,1000,106589
binaria,1000,ausente,6,10,22977
lineal,1000,ausente,7,1000,95136
binaria,1000,ausente,7,10,22852
lineal,1000,ausente,8,1000,99658
binaria,1000,ausente,8,10,22858
lineal,1000,ausente,9,1000,95066
binaria,1000,ausente,9,10,22735
lineal,1000,ausente,10,1000,94290
binaria,1000,ausente,10,10,22784
lineal,1000,ausente,11,1000,94860
binaria,1000,ausente,11,10,22737
lineal,1000,ausente,12,1000,94299
binaria,1000,ausente,12,10,22834
lineal,1000,ausente,13,1000,98448
binaria,1000,ausente,13,10,22860
lineal,1000,ausente,14,1000,94958
binaria,1000,ausente,14,10,29194
lineal,1000,ausente,15,1000,94500
binaria,1000,ausente,15,10,22934
lineal,1000,ausente,16,1000,94738
binaria,1000,ausente,16,10,31023
lineal,1000,ausente,17,1000,98339
binaria,1000,ausente,17,10,22778
lineal,1000,ausente,18,1000,95143
binaria,1000,ausente,18,10,22737
lineal,1000,ausente,19,1000,95224
binaria,1000,ausente,19,10,22733
lineal,1000,ausente,20,1000,94936
binaria,1000,ausente,20,10,22711
lineal,1000,ausente,21,1000,94920
binaria,1000,ausente,21,10,22825
lineal,1000,ausente,22,1000,95904
binaria,1000,ausente,22,10,22795
lineal,1000,ausente,23,1000,101409
binaria,1000,ausente,23,10,22867
lineal,1000,ausente,24,1000,95303
binaria,1000,ausente,24,10,22710
lineal,1000,ausente,25,1000,98704
binaria,1000,ausente,25,10,22763
lineal,1000,ausente,26,1000,97715
binaria,1000,ausente,26,10,22903
lineal,1000,ausente,27,1000,95073
binaria,1000,ausente,27,10,22761
lineal,1000,ausente,28,1000,94860
binaria,1000,ausente,28,10,22790
lineal,1000,ausente,29,1000,95345
binaria,1000,ausente,29,10,22796
lineal,10000,inicio,0,1268,356889
binaria,10000,inicio,0,12,209837
lineal,10000,inicio,1,1268,302616
binaria,10000,inicio,1,12,216836
lineal,10000,inicio,2,1268,329967
binaria,10000,inicio,2,12,206775
lineal,10000,inicio,3,1268,313805
binaria,10000,inicio,3,12,216451
lineal,10000,inicio,4,1268,300153
binaria,10000,inicio,4,12,206137
lineal,10000,inicio,5,1268,308671
binaria,10000,inicio,5,12,211152
lineal,10000,inicio,6,1268,308564
binaria,10000,inicio,6,12,205790
lineal,10000,inicio,7,1268,307947
binaria,10000,inicio,7,12,211701
lineal,10000,inicio,8,1268,302156
binaria,10000,inicio,8,12,206327
lineal,10000,inicio,9,1268,310774
binaria,10000,inicio,9,12,217071
lineal,10000,inicio,10,1268,301077
binaria,10000,inicio,10,12,205615
lineal,10000,inicio,11,1268,326415
binaria,10000,inicio,11,12,223393
lineal,10000,inicio,12,1268,303143
binaria,10000,inicio,12,12,206479
lineal,10000,inicio,13,1268,315356
binaria,10000,inicio,13,12,206482
lineal,10000,inicio,14,1268,299592
binaria,10000,inicio,14,12,205544
lineal,10000,inicio,15,1268,346659
binaria,10000,inicio,15,12,207014
lineal,10000,inicio,16,1268,329779
binaria,10000,inicio,16,12,227126
lineal,10000,inicio,17,1268,309680
binaria,10000,inicio,17,12,205643
lineal,10000,inicio,18,1268,308461
binaria,10000,inicio,18,12,213507
lineal,10000,inicio,19,1268,315349
binaria,10000,inicio,19,12,206119
lineal,10000,inicio,20,1268,300274
binaria,10000,inicio,20,12,226605
lineal,10000,inicio,21,1268,326450
binaria,10000,inicio,21,12,208703
lineal,10000,inicio,22,1268,309005
binaria,10000,inicio,22,12,214292
lineal,10000,inicio,23,1268,300230
binaria,10000,inicio,23,12,205824
lineal,10000,inicio,24,1268,310984
binaria,10000,inicio,24,12,218193
lineal,10000,inicio,25,1268,347554
binaria,10000,inicio,25,12,208271
lineal,10000,inicio,26,1268,314756
binaria,10000,inicio,26,12,211698
lineal,10000,inicio,27,1268,299921
binaria,10000,inicio,27,12,209161
lineal,10000,inicio,28,1268,307793
binaria,10000,inicio,28,12,212751
lineal,10000,inicio,29,1268,299714
binaria,10000,inicio,29,12,206004
lineal,10000,centro,0,8695,1056341
binaria,10000,centro,0,13,229834
lineal,10000,centro,1,8695,923168
binaria,10000,centro,1,13,211123
lineal,10000,centro,2,8695,917659
binaria,10000,centro,2,13,210664
lineal,10000,centro,3,8695,937048
binaria,10000,centro,3,13,206932
lineal,10000,centro,4,8695,928195
binaria,10000,centro,4,13,210714
lineal,10000,centro,5,8695,937553
binaria,10000,centro,5,13,207127
lineal,10000,centro,6,8695,925648
binaria,10000,centro,6,13,213994
lineal,10000,centro,7,8695,975958
binaria,10000,centro,7,13,232202
lineal,10000,centro,8,8695,952108
binaria,10000,centro,8,13,218819
lineal,10000,centro,9,8695,921101
binaria,10000,centro,9,13,207126
lineal,10000,centro,10,8695,918054
binaria,10000,centro,10,13,215564
lineal,10000,centro,11,8695,919934
binaria,10000,centro,11,13,207171
lineal,10000,centro,12,8695,914897
binaria,10000,centro,12,13,211507
lineal,10000,centro,13,8695,931642
binaria,10000,centro,13,13,214407
lineal,10000,centro,14,8695,924816
binaria,10000,centro,14,13,217263
lineal,10000,centro,15,8695,914693
binaria,10000,centro,15,13,210798
lineal,10000,centro,16,8695,926195
binaria,10000,centro,16,13,209722
lineal,10000,centro,17,8695,939372
binaria,10000,centro,17,13,211002
lineal,10000,centro,18,8695,933536
binaria,10000,centro,18,13,207167
lineal,10000,centro,19,8695,1040606
binaria,10000,centro,19,13,246896
lineal,10000,centro,20,8695,1153181
binaria,10000,centro,20,13,211581
lineal,10000,centro,21,8695,999160
binaria,10000,centro,21,13,219479
lineal,10000,centro,22,8695,973983
binaria,10000,centro,22,13,209165
lineal,10000,centro,23,8695,958581
binaria,10000,centro,23,13,219182
lineal,10000,centro,24,8695,934603
binaria,10000,centro,24,13,229051
lineal,10000,centro,25,8695,965227
binaria,10000,centro,25,13,208445
lineal,10000,centro,26,8695,941978
binaria,10000,centro,26,13,207489
lineal,10000,centro,27,8695,939351
binaria,10000,centro,27,13,208110
lineal,10000,centro,28,8695,934778
binaria,10000,centro,28,13,209059
lineal,10000,centro,29,8695,921895
binaria,10000,centro,29,13,207052
lineal,10000,final,0,1360,324122
binaria,10000,final,0,12,211440
lineal,10000,final,1,1360,308345
binaria,10000,final,1,12,212477
lineal,10000,final,2,1360,313157
binaria,10000,final,2,12,219525
lineal,10000,final,3,1360,310649
binaria,10000,final,3,12,214904
lineal,10000,final,4,1360,311443
binaria,10000,final,4,12,205901
lineal,10000,final,5,1360,313174
binaria,10000,final,5,12,228727
lineal,10000,final,6,1360,311318
binaria,10000,final,6,12,212990
lineal,10000,final,7,1360,318652
binaria,10000,final,7,12,336704
lineal,10000,final,8,1360,380215
binaria,10000,final,8,12,208151
lineal,10000,final,9,1360,402783
binaria,10000,final,9,12,209012
lineal,10000,final,10,1360,312158
binaria,10000,final,10,12,297819
lineal,10000,final,11,1360,310478
binaria,10000,final,11,12,291912
lineal,10000,final,12,1360,386880
binaria,10000,final,12,12,209615
lineal,10000,final,13,1360,311706
binaria,10000,final,13,12,222465
lineal,10000,final,14,1360,375770
binaria,10000,final,14,12,206646
lineal,10000,final,15,1360,374689
binaria,10000,final,15,12,289271
lineal,10000,final,16,1360,309129
binaria,10000,final,16,12,208602
lineal,10000,final,17,1360,374144
binaria,10000,final,17,12,267919
lineal,10000,final,18,1360,412919
binaria,10000,final,18,12,208956
lineal,10000,final,19,1360,383954
binaria,10000,final,19,12,207921
lineal,10000,final,20,1360,354914
binaria,10000,final,20,12,265739
lineal,10000,final,21,1360,359852
binaria,10000,final,21,12,245428
lineal,10000,final,22,1360,377659
binaria,10000,final,22,12,235414
lineal,10000,final,23,1360,342504
binaria,10000,final,23,12,243130
lineal,10000,final,24,1360,384155
binaria,10000,final,24,12,208308
lineal,10000,final,25,1360,329251
binaria,10000,final,25,12,372168
lineal,10000,final,26,1360,335869
binaria,10000,final,26,12,207454
lineal,10000,final,27,1360,579970
binaria,10000,final,27,12,219111
lineal,10000,final,28,1360,323009
binaria,10000,final,28,12,252662
lineal,10000,final,29,1360,378183
binaria,10000,final,29,12,245659
lineal,10000,ausente,0,10000,1181096
binaria,10000,ausente,0,14,275710
lineal,10000,ausente,1,10000,1182363
binaria,10000,ausente,1,14,221663
lineal,10000,ausente,2,10000,1357588
binaria,10000,ausente,2,14,272598
lineal,10000,ausente,3,10000,1134278
binaria,10000,ausente,3,14,213059
lineal,10000,ausente,4,10000,1160147
binaria,10000,ausente,4,14,251275
lineal,10000,ausente,5,10000,1321159
binaria,10000,ausente,5,14,215796
lineal,10000,ausente,6,10000,1580821
binaria,10000,ausente,6,14,216563
lineal,10000,ausente,7,10000,1260466
binaria,10000,ausente,7,14,213150
lineal,10000,ausente,8,10000,1232150
binaria,10000,ausente,8,14,241022
lineal,10000,ausente,9,10000,1156687
binaria,10000,ausente,9,14,214043
lineal,10000,ausente,10,10000,1170551
binaria,10000,ausente,10,14,261437
lineal,10000,ausente,11,10000,1160243
binaria,10000,ausente,11,14,222838
lineal,10000,ausente,12,10000,1074561
binaria,10000,ausente,12,14,215088
lineal,10000,ausente,13,10000,1061391
binaria,10000,ausente,13,14,238732
lineal,10000,ausente,14,10000,1055185
binaria,10000,ausente,14,14,316343
lineal,10000,ausente,15,10000,1795906
binaria,10000,ausente,15,14,359658
lineal,10000,ausente,16,10000,1858529
binaria,10000,ausente,16,14,216367
lineal,10000,ausente,17,10000,1076031
binaria,10000,ausente,17,14,251451
lineal,10000,ausente,18,10000,1077751
binaria,10000,ausente,18,14,210260
lineal,10000,ausente,19,10000,1112202
binaria,10000,ausente,19,14,213924
lineal,10000,ausente,20,10000,1341177
binaria,10000,ausente,20,14,222922
lineal,10000,ausente,21,10000,1069427
binaria,10000,ausente,21,14,212430
lineal,10000,ausente,22,10000,1058597
binaria,10000,ausente,22,14,208398
lineal,10000,ausente,23,10000,1066826
binaria,10000,ausente,23,14,223368
lineal,10000,ausente,24,10000,1035175
binaria,10000,ausente,24,14,207799
lineal,10000,ausente,25,10000,1052949
binaria,10000,ausente,25,14,207964
lineal,10000,ausente,26,10000,1035971
binaria,10000,ausente,26,14,207820
lineal,10000,ausente,27,10000,1022842
binaria,10000,ausente,27,14,219276
lineal,10000,ausente,28,10000,1018263
binaria,10000,ausente,28,14,215518
lineal,10000,ausente,29,10000,1041642
binaria,10000,ausente,29,14,208276
lineal,100000,inicio,0,36691,5877497
binaria,100000,inicio,0,16,2322467
lineal,100000,inicio,1,36691,7127141
binaria,100000,inicio,1,16,2723958
lineal,100000,inicio,2,36691,5542423
binaria,100000,inicio,2,16,2314358
lineal,100000,inicio,3,36691,5539594
binaria,100000,inicio,3,16,2371219
lineal,100000,inicio,4,36691,5392865
binaria,100000,inicio,4,16,2274718
lineal,100000,inicio,5,36691,5619833
binaria,100000,inicio,5,16,2453109
lineal,100000,inicio,6,36691,5619297
binaria,100000,inicio,6,16,2317169
lineal,100000,inicio,7,36691,5456720
binaria,100000,inicio,7,16,2437879
lineal,100000,inicio,8,36691,5643885
binaria,100000,inicio,8,16,2472555
lineal,100000,inicio,9,36691,5443201
binaria,100000,inicio,9,16,2474683
lineal,100000,inicio,10,36691,5507825
binaria,100000,inicio,10,16,2300719
lineal,100000,inicio,11,36691,5469099
binaria,100000,inicio,11,16,2325685
lineal,100000,inicio,12,36691,5445386
binaria,100000,inicio,12,16,2431115
lineal,100000,inicio,13,36691,5423094
binaria,100000,inicio,13,16,2481697
lineal,100000,inicio,14,36691,5560979
binaria,100000,inicio,14,16,2331298
lineal,100000,inicio,15,36691,5496928
binaria,100000,inicio,15,16,2374884
lineal,100000,inicio,16,36691,5566911
binaria,100000,inicio,16,16,2383043
lineal,100000,inicio,17,36691,5788834
binaria,100000,inicio,17,16,2375602
lineal,100000,inicio,18,36691,5666990
binaria,100000,inicio,18,16,2526802
lineal,100000,inicio,19,36691,5710775
binaria,100000,inicio,19,16,2366061
lineal,100000,inicio,20,36691,7817152
binaria,100000,inicio,20,16,2628423
lineal,100000,inicio,21,36691,5885413
binaria,100000,inicio,21,16,2463720
lineal,100000,inicio,22,36691,6133744
binaria,100000,inicio,22,16,2420107
lineal,100000,inicio,23,36691,5701578
binaria,100000,inicio,23,16,2372571
lineal,100000,inicio,24,36691,5565908
binaria,100000,inicio,24,16,2309626
lineal,100000,inicio,25,36691,5800468
binaria,100000,inicio,25,16,2359164
lineal,100000,inicio,26,36691,5592431
binaria,100000,inicio,26,16,2803370
lineal,100000,inicio,27,36691,5879527
binaria,100000,inicio,27,16,2470880
lineal,100000,inicio,28,36691,5531814
binaria,100000,inicio,28,16,2398542
lineal,100000,inicio,29,36691,5667961
binaria,100000,inicio,29,16,2356406
lineal,100000,centro,0,2916,2654970
binaria,100000,centro,0,1,2312727
lineal,100000,centro,1,2916,2883866
binaria,100000,centro,1,1,2376133
lineal,100000,centro,2,2916,2624824
binaria,100000,centro,2,1,2341246
lineal,100000,centro,3,2916,2941506
binaria,100000,centro,3,1,2538784
lineal,100000,centro,4,2916,3020032
binaria,100000,centro,4,1,2402964
lineal,100000,centro,5,2916,2632426
binaria,100000,centro,5,1,2371837
lineal,100000,centro,6,2916,2978656
binaria,100000,centro,6,1,2453060
lineal,100000,centro,7,2916,2573140
binaria,100000,centro,7,1,2314625
lineal,100000,centro,8,2916,2641345
binaria,100000,centro,8,1,2280526
lineal,100000,centro,9,2916,2847974
binaria,100000,centro,9,1,2358382
lineal,100000,centro,10,2916,2590906
binaria,100000,centro,10,1,2337311
lineal,100000,centro,11,2916,2561536
binaria,100000,centro,11,1,2312531
lineal,100000,centro,12,2916,2699925
binaria,100000,centro,12,1,3773886
lineal,100000,centro,13,2916,4639127
binaria,100000,centro,13,1,3964324
lineal,100000,centro,14,2916,4555156
binaria,100000,centro,14,1,4000575
lineal,100000,centro,15,2916,4252674
binaria,100000,centro,15,1,4028390
lineal,100000,centro,16,2916,4431096
binaria,100000,centro,16,1,3746942
lineal,100000,centro,17,2916,2748185
binaria,100000,centro,17,1,2358520
lineal,100000,centro,18,2916,2905345
binaria,100000,centro,18,1,2331630
lineal,100000,centro,19,2916,2681260
binaria,100000,centro,19,1,2559313
lineal,100000,centro,20,2916,2718530
binaria,100000,centro,20,1,2484998
lineal,100000,centro,21,2916,2580687
binaria,100000,centro,21,1,2324901
lineal,100000,centro,22,2916,2683039
binaria,100000,centro,22,1,2359982
lineal,100000,centro,23,2916,2770388
binaria,100000,centro,23,1,2470179
lineal,100000,centro,24,2916,2750330
binaria,100000,centro,24,1,2441850
lineal,100000,centro,25,2916,2581612
binaria,100000,centro,25,1,2347319
lineal,100000,centro,26,2916,2533289
binaria,100000,centro,26,1,2264205
lineal,100000,centro,27,2916,2680285
binaria,100000,centro,27,1,2286615
lineal,100000,centro,28,2916,2608662
binaria,100000,centro,28,1,2244082
lineal,100000,centro,29,2916,2493316
binaria,100000,centro,29,1,2396129
lineal,100000,final,0,88,2283988
binaria,100000,final,0,13,2255261
lineal,100000,final,1,88,2428307
binaria,100000,final,1,13,2445519
lineal,100000,final,2,88,2281248
binaria,100000,final,2,13,2313373
lineal,100000,final,3,88,2285561
binaria,100000,final,3,13,2361701
lineal,100000,final,4,88,2352231
binaria,100000,final,4,13,2302422
lineal,100000,final,5,88,2289822
binaria,100000,final,5,13,2250609
lineal,100000,final,6,88,2328143
binaria,100000,final,6,13,2292724
lineal,100000,final,7,88,2385288
binaria,100000,final,7,13,2306641
lineal,100000,final,8,88,2401742
binaria,100000,final,8,13,2319142
lineal,100000,final,9,88,2254246
binaria,100000,final,9,13,2305810
lineal,100000,final,10,88,2274730
binaria,100000,final,10,13,2375769
lineal,100000,final,11,88,2406103
binaria,100000,final,11,13,2266781
lineal,100000,final,12,88,2247011
binaria,100000,final,12,13,2225434
lineal,100000,final,13,88,2228666
binaria,100000,final,13,13,2232479
lineal,100000,final,14,88,2271831
binaria,100000,final,14,13,2291211
lineal,100000,final,15,88,2229109
binaria,100000,final,15,13,2466228
lineal,100000,final,16,88,2442911
binaria,100000,final,16,13,2269326
lineal,100000,final,17,88,2315742
binaria,100000,final,17,13,2521890
lineal,100000,final,18,88,2315943
binaria,100000,final,18,13,2253925
lineal,100000,final,19,88,2368012
binaria,100000,final,19,13,2236769
lineal,100000,final,20,88,2355247
binaria,100000,final,20,13,2368253
lineal,100000,final,21,88,2418842
binaria,100000,final,21,13,2324137
lineal,100000,final,22,88,2315951
binaria,100000,final,22,13,2337727
lineal,100000,final,23,88,2260744
binaria,100000,final,23,13,2273063
lineal,100000,final,24,88,2260438
binaria,100000,final,24,13,2269956
lineal,100000,final,25,88,2275826
binaria,100000,final,25,13,2257660
lineal,100000,final,26,88,2332193
binaria,100000,final,26,13,3721590
lineal,100000,final,27,88,4139565
binaria,100000,final,27,13,3886047
lineal,100000,final,28,88,6156216
binaria,100000,final,28,13,4147590
lineal,100000,final,29,88,4040810
binaria,100000,final,29,13,4369999
lineal,100000,ausente,0,100000,21613220
binaria,100000,ausente,0,17,4056179
lineal,100000,ausente,1,100000,21315015
binaria,100000,ausente,1,17,6041247
lineal,100000,ausente,2,100000,20032689
binaria,100000,ausente,2,17,4993394
lineal,100000,ausente,3,100000,19583394
binaria,100000,ausente,3,17,3996142
lineal,100000,ausente,4,100000,19987355
binaria,100000,ausente,4,17,4036401
lineal,100000,ausente,5,100000,20583935
binaria,100000,ausente,5,17,4139936
lineal,100000,ausente,6,100000,20759710
binaria,100000,ausente,6,17,4176117
lineal,100000,ausente,7,100000,19562135
binaria,100000,ausente,7,17,3513099
lineal,100000,ausente,8,100000,19626733
binaria,100000,ausente,8,17,4181417
lineal,100000,ausente,9,100000,21817640
binaria,100000,ausente,9,17,4203161
lineal,100000,ausente,10,100000,21880888
binaria,100000,ausente,10,17,4157024
lineal,100000,ausente,11,100000,19548890
binaria,100000,ausente,11,17,4096802
lineal,100000,ausente,12,100000,20631198
binaria,100000,ausente,12,17,4160457
lineal,100000,ausente,13,100000,20877693
binaria,100000,ausente,13,17,4136485
lineal,100000,ausente,14,100000,20542968
binaria,100000,ausente,14,17,4156705
lineal,100000,ausente,15,100000,20836928
binaria,100000,ausente,15,17,2856582
lineal,100000,ausente,16,100000,18393962
binaria,100000,ausente,16,17,4136923
lineal,100000,ausente,17,100000,23318015
binaria,100000,ausente,17,17,4152024
lineal,100000,ausente,18,100000,21816192
binaria,100000,ausente,18,17,4151536
lineal,100000,ausente,19,100000,21644643
binaria,100000,ausente,19,17,4161395
lineal,100000,ausente,20,100000,22021047
binaria,100000,ausente,20,17,4156430
lineal,100000,ausente,21,100000,20551464
binaria,100000,ausente,21,17,4134102
lineal,100000,ausente,22,100000,20276597
binaria,100000,ausente,22,17,4192173
lineal,100000,ausente,23,100000,21122004
binaria,100000,ausente,23,17,4210739
lineal,100000,ausente,24,100000,21137783
binaria,100000,ausente,24,17,4132998
lineal,100000,ausente,25,100000,20806491
binaria,100000,ausente,25,17,4300079
lineal,100000,ausente,26,100000,21318087
binaria,100000,ausente,26,17,4159643
lineal,100000,ausente,27,100000,20848651
binaria,100000,ausente,27,17,4757360
lineal,100000,ausente,28,100000,21066469
binaria,100000,ausente,28,17,4110355
lineal,100000,ausente,29,100000,20813850
binaria,100000,ausente,29,17,4178311
